{
    "display": {
        "icon": {
            "item": "minecraft:player_head",
            "nbt": "{SkullOwner:{Id:[I;-1851361921,-971619156,-1311775605,840022861],Properties:{textures:[{Value:\"eyJ0ZXh0dXJlcyI6eyJTS0lOIjp7InVybCI6Imh0dHA6Ly90ZXh0dXJlcy5taW5lY3JhZnQubmV0L3RleHR1cmUvZGI4YzVjZTRkZjNhNzJmMDNjNWIyMDg1ODI3Y2Q1NjZmZDA5NzM2ZTg2ZjEyYmU0M2ViMjQ0MjdkZDcxNDMifX19\"}]},Name:\"TangoTek\"}}"
        },
        "title": "tangotek             ",
        "description": "§7Coldest Dungeon Master, Wizard of Redstone, and Flees with extra Flee!",
        "show_toast": false,
        "announce_to_chat": false,
        "hidden": false,
        "frame": "challenge"
    },
    "criteria": {
        "auto": {
            "trigger": "minecraft:impossible"
        }
    },
    "parent": "do2:visible/credits/credits_root"
}