{
    "display": {
        "icon": {
            "item": "minecraft:redstone_block",
            "nbt": "{CustomModelData:8}"
        },
        "title": "§9Advancements   ",
        "description": "§7Everyone likes a good achievement system!",
        "show_toast": false,
        "announce_to_chat": false,
        "hidden": false
    },
    "criteria": {
        "auto": {
            "trigger": "minecraft:impossible"
        }
    },
    "frame": "goal",
    "parent": "do2:visible/credits/brilliance"
}