{
    "display": {
        "icon": {
            "item": "minecraft:redstone_block",
            "nbt": "{CustomModelData:5}"
        },
        "title": "§eAgronet                ",
        "description": "§7The §kmod that lets §9Brilliance§7 communicate§r§7 with §6Dunga Dunga§7.",
        "show_toast": false,
        "announce_to_chat": false,
        "hidden": false
    },
    "criteria": {
        "auto": {
            "trigger": "minecraft:impossible"
        }
    },
    "frame": "goal",
    "parent": "do2:visible/credits/infrastructure"
}