{
    "display": {
        "icon": {
            "item": "minecraft:redstone_block",
            "nbt": "{CustomModelData:6}"
        },
        "title": "§dCitadel                   ",
        "description": "§7The §kfabric plugin that lets the Lobby§r§7, communicate with §6Dunga Dunga§7.",
        "show_toast": false,
        "announce_to_chat": false,
        "hidden": false
    },
    "criteria": {
        "auto": {
            "trigger": "minecraft:impossible"
        }
    },
    "frame": "goal",
    "parent": "do2:visible/credits/infrastructure"
}