{
    "display": {
        "icon": {
            "item": "minecraft:redstone_block",
            "nbt": "{CustomModelData:10}"
        },
        "title": "§9Automation          ",
        "description": "§7Data tracking, dungeon resetting, automation, everything...",
        "show_toast": false,
        "announce_to_chat": false,
        "hidden": false
    },
    "criteria": {
        "auto": {
            "trigger": "minecraft:impossible"
        }
    },
    "frame": "goal",
    "parent": "do2:visible/credits/brilliance"
}