{
    "display": {
        "icon": {
            "item": "minecraft:redstone_block",
            "nbt": "{CustomModelData:4}"
        },
        "title": "§8Davy Bones                           ",
        "description": "§7§k§oDocker§r§7. For non-nerds, this is a easy way to have §k6 §lseparate§r§7 servers running on a single server",
        "show_toast": false,
        "announce_to_chat": false,
        "hidden": false
    },
    "criteria": {
        "auto": {
            "trigger": "minecraft:impossible"
        }
    },
    "frame": "goal",
    "parent": "do2:visible/credits/infrastructure"
}