{
    "display": {
        "icon": {
            "item": "minecraft:redstone_block",
            "nbt": "{CustomModelData:14}"
        },
        "title": "§2Dungeon Organization         ",
        "description": "§7Added Organization to the dungeon so it's easier to repair and add things to.",
        "show_toast": false,
        "announce_to_chat": false,
        "hidden": false
    },
    "criteria": {
        "auto": {
            "trigger": "minecraft:impossible"
        }
    },
    "frame": "goal",
    "parent": "do2:visible/credits/dungeon"
}