{
    "display": {
        "icon": {
            "item": "minecraft:redstone_block",
            "nbt": "{CustomModelData:13}"
        },
        "title": "§2Dungeon Optimizations!   ",
        "description": "§7Optimizations to the dungeon so it's faster and has less lag.",
        "show_toast": false,
        "announce_to_chat": false,
        "hidden": false
    },
    "criteria": {
        "auto": {
            "trigger": "minecraft:impossible"
        }
    },
    "frame": "goal",
    "parent": "do2:visible/credits/dungeon"
}