{
    "display": {
        "icon": {
            "item": "minecraft:redstone_block",
            "nbt": "{CustomModelData:3}"
        },
        "title": "§6Dunga Dunga          ",
        "description": "§7The §kAPI of Tracked out§r§7, controls data and dungeons!",
        "show_toast": false,
        "announce_to_chat": false,
        "hidden": false
    },
    "criteria": {
        "auto": {
            "trigger": "minecraft:impossible"
        }
    },
    "frame": "goal",
    "parent": "do2:visible/credits/infrastructure"
}