{
    "display": {
        "icon": {
            "item": "minecraft:redstone_block",
            "nbt": "{CustomModelData:16}"
        },
        "title": "§6§kBackend Infrastructure ",
        "description": "§7Anything and everything that happens §kbehind the scenes",
        "show_toast": false,
        "announce_to_chat": false,
        "hidden": false
    },
    "criteria": {
        "auto": {
            "trigger": "minecraft:impossible"
        }
    },
    "frame": "goal",
    "parent": "do2:visible/credits/admin"
}